{"index":{} }
{"userId": 1, "movieId": 147, "rating": 4.5, "fecha": "Tue Mar 10 00:07:15 CET 2015"}
{"index":{} }
{"userId": 1, "movieId": 858, "rating": 5.0, "fecha": "Mon Mar 9 23:52:03 CET 2015"}
{"index":{} }
{"userId": 1, "movieId": 1221, "rating": 5.0, "fecha": "Mon Mar 9 23:52:26 CET 2015"}
{"index":{} }
{"userId": 1, "movieId": 1246, "rating": 5.0, "fecha": "Mon Mar 9 23:52:36 CET 2015"}
{"index":{} }
{"userId": 1, "movieId": 1968, "rating": 4.0, "fecha": "Tue Mar 10 00:02:28 CET 2015"}
{"index":{} }
{"userId": 1, "movieId": 2762, "rating": 4.5, "fecha": "Mon Mar 9 23:48:20 CET 2015"}
{"index":{} }
{"userId": 1, "movieId": 2918, "rating": 5.0, "fecha": "Mon Mar 9 23:53:13 CET 2015"}
{"index":{} }
{"userId": 1, "movieId": 2959, "rating": 4.0, "fecha": "Mon Mar 9 23:53:21 CET 2015"}
