COD_PAIS,LITERAL_PAIS
100,EUROPA
101,ALBANIA
102,AUSTRIA
103,BELGICA
104,BULGARIA
106,CHIPRE
107,DINAMARCA
108,ESPAÑA
109,FINLANDIA
110,FRANCIA
111,GRECIA
112,HUNGRIA
113,IRLANDA
114,ISLANDIA
115,ITALIA
116,LIECHTENSTEIN
117,LUXEMBURGO
118,MALTA
119,MONACO
120,NORUEGA
121,PAISES BAJOS
122,POLONIA
123,PORTUGAL
124,ANDORRA
125,REINO UNIDO
126,ALEMANIA
128,RUMANIA
129,SAN MARINO
130,SANTA SEDE
131,SUECIA
132,SUIZA
135,UCRANIA
136,LETONIA
137,MOLDOVA
138,BIELORRUSIA
139,GEORGIA
141,ESTONIA
142,LITUANIA
143,REPUBLICA CHECA
144,ESLOVAQUIA
145,BOSNIA-HERZEGOVINA
146,CROACIA
147,ESLOVENIA
148,ARMENIA
154,RUSIA
155,YUGOSLAVIA
156,MACEDONIA
200,AFRICA
201,BURKINA FASSO
202,ANGOLA
203,ARGELIA
204,BENIN
205,BOTSWANA
206,BURUNDI
207,CABO VERDE
208,CAMERUN
209,COMORES
210,CONGO
211,COSTA DE MARFIL
212,DJIBOUTI
213,EGIPTO
214,ETIOPIA
215,GABON
216,GAMBIA
217,GHANA
218,GUINEA
219,GUINEA BISSAU
220,GUINEA ECUATORIAL
221,KENIA
222,LESOTHO
223,LIBERIA
224,LIBIA
225,MADAGASCAR
226,MALAWI
227,MALI
228,MARRUECOS
229,MAURICIO
230,MAURITANIA
231,MOZAMBIQUE
232,NAMIBIA
233,NIGER
234,NIGERIA
235,REPUBLICA CENTROAFRICANA
236,SUDAFRICA
237,RUANDA
238,SANTO TOME Y PRINCIPE
239,SENEGAL
240,SEYCHELLES
241,SIERRA LEONA
242,SOMALIA
243,SUDAN
244,SWAZILANDIA
245,TANZANIA
246,CHAD
247,TOGO
248,TUNEZ
249,UGANDA
250,ZAIRE
251,ZAMBIA
252,ZIMBABWE
253,ERITREA
300,AMERICA
301,CANADA
302,ESTADOS UNIDOS DE AMERICA
303,MEXICO
310,ANTIGUA Y BARBUDA
311,BAHAMAS
312,BARBADOS
313,BELICE
314,COSTA RICA
315,CUBA
316,DOMINICA
317,EL SALVADOR
318,GRANADA
319,GUATEMALA
320,HAITI
321,HONDURAS
322,JAMAICA
323,NICARAGUA
324,PANAMA
325,SAN VICENTE Y LAS GRANADINAS
326,REPUBLICA DOMINICANA
327,TRINIDAD Y TOBAGO
328,SANTA LUCIA
329,SAN CRISTOBAL Y NIEVES
340,ARGENTINA
341,BOLIVIA
342,BRASIL
343,COLOMBIA
344,CHILE
345,ECUADOR
346,GUYANA
347,PARAGUAY
348,PERU
349,SURINAM
350,URUGUAY
351,VENEZUELA
400,ASIA
401,AFGANISTAN
402,ARABIA SAUDITA
403,BAHREIN
404,BANGLADESH
405,BIRMANIA
406,BUTHAN
407,CHINA
408,EMIRATOS ARABES UNIDOS
409,FILIPINAS
410,INDIA
411,INDONESIA
412,IRAK
413,IRAN
414,ISRAEL
415,JAPON
416,JORDANIA
417,CAMBOYA
418,KUWAIT
419,LAOS
420,LIBANO
421,MALASIA
422,MALDIVAS
423,MONGOLIA
424,NEPAL
425,OMAN
426,PAKISTAN
427,QATAR
430,REPUBLICA DE COREA
431,COREA DEL NORTE
432,SINGAPUR
433,SIRIA
434,SRI LANKA
435,TAILANDIA
436,TURQUIA
437,VIETNAM
438,TAIWAN
439,BRUNEI
440,ISLAS MARSHALL
441,YEMEN
442,AZERBAIYAN
443,KAZAJSTAN
444,KIRGYISTAN
445,TADYIKISTAN
446,TURKMENISTAN
447,UZBEKISTAN
500,OCEANIA
501,AUSTRALIA
502,FIJI
503,NAURU
504,NUEVA ZELANDA
505,PAPUA NUEVA GUINEA
506,ISLAS SALOMON
507,SAMOA
508,TONGA
509,VANUATU
510,KIRIBATI
511,MICRONESIA
512,TUVALU
555,APATRIDA
600,PALESTINA
