# Titulados universitarios según su situación laboral en 2014 por sexo, universidad y rama de conocimiento
# Instituto nacional de estadística
Rama,Tipo,Sexo,Total,Trabajando,Desempleo,Inactivo
Ciencias sociales y jurídicas,pública,hombre,27915,20637,5323,1956
Ingeniería y arquitectura,pública,hombre,26033,21411,3570,1052
Artes y humanidades,pública,hombre,4254,2674,1122,458
Ciencias de la salud,pública,hombre,4183,3510,570,102
Ciencias,pública,hombre,3801,2565,856,380
Ciencias sociales y jurídicas,privada,hombre,5135,4395,503,237
Ingeniería y arquitectura,privada,hombre,5547,4649,595,303
Artes y humanidades,privada,hombre,242,175,32,35
Ciencias de la salud,privada,hombre,1295,1136,124,35
Ciencias,privada,hombre,232,159,52,22
Ciencias sociales y jurídicas,pública,mujer,62251,45108,12840,4304
Ingeniería y arquitectura,pública,mujer,10685,8169,2051,464
Artes y humanidades,pública,mujer,8340,5344,2116,881
Ciencias de la salud,pública,mujer,15214,12210,2075,929
Ciencias,pública,mujer,6734,4774,1529,431
Ciencias sociales y jurídicas,privada,mujer,9535,7638,1302,595
Ingeniería y arquitectura,privada,mujer,2184,1694,340,150
Artes y humanidades,privada,mujer,417,329,50,37
Ciencias de la salud,privada,mujer,3053,2439,415,199
Ciencias,privada,mujer,487,381,65,41
