Rama,Tipo,Sexo,Desempleo,Inactivo,Trabajando,Total
Artes y humanidades,privadas,hombres,38,13,227,278
Artes y humanidades,privadas,mujeres,39,16,400,454
Artes y humanidades,públicas,hombres,754,819,4455,6027
Artes y humanidades,públicas,mujeres,1313,1285,8722,11320
Ciencias,privadas,hombres,12,6,96,114
Ciencias,privadas,mujeres,8,3,188,198
Ciencias,públicas,hombres,466,346,4325,5138
Ciencias,públicas,mujeres,683,452,5670,6805
Ciencias de la salud,privadas,hombres,93,97,2458,2649
Ciencias de la salud,privadas,mujeres,160,141,4569,4870
Ciencias de la salud,públicas,hombres,283,306,6326,6916
Ciencias de la salud,públicas,mujeres,1071,880,19280,21231
Ciencias sociales y jurídicas,privadas,hombres,431,498,6943,7872
Ciencias sociales y jurídicas,privadas,mujeres,775,847,13646,15268
Ciencias sociales y jurídicas,públicas,hombres,2865,2409,27801,33075
Ciencias sociales y jurídicas,públicas,mujeres,6523,5193,51466,63182
Ingeniería y arquitectura,privadas,hombres,154,75,4159,4389
Ingeniería y arquitectura,privadas,mujeres,58,58,1435,1551
Ingeniería y arquitectura,públicas,hombres,1317,811,28271,30400
Ingeniería y arquitectura,públicas,mujeres,545,644,10700,11889
