Loyalty#,First Name,Last Name,Customer Name,Country,Province or State,City,Latitude,Longitude,Postal code,Gender,Education,Location Code,Income,Marital Status,Order Year,Quarter,MonthsAsMember,LoyaltyStatus,Product Line,Coupon Response,Count,Quantity Sold,Unit Sale Price,Unit Cost,Revenue,Customer Lifetime Value,Loyalty Count
837810,Abigaill,Goris,Abigail Goris,Canada,British Columbia,Dawson Creek,55.759627,-120.237662,U5I 4F1,male,Bachelor,Rural,42142,Single,2015,Q1,33,Bronze,Home Theatre,Coupon 6,1,3,"$1,182.00","$1,004.70","$3,546.00",8842.65,1
707928,Ada,Glaude,Ada Glaude,Germany,Bremen,Bremen,53.079296,8.801694,28759,female,High School or Below,Rural,20978,Married,2015,Q1,52,Bronze,Home Theatre,Coupon 1,1,1,$434.00,$368.90,$434.00,3508.57,1
901442,Ada,Staback,Ada Staback,Canada,Manitoba,Winnipeg,49.895136,-97.138374,R2C 0M5,female,Bachelor,Rural,71391,Married,2015,Q1,47,Bronze,Home Theatre,Coupon 1,1,2,$201.00,$170.85,$402.00,8044.87,1
237303,Adam,Boner,Adam Boner,Canada,Ontario,Sudbury,46.522099,-80.953035,M5V 1G5,female,Bachelor,Urban,79674,Married,2015,Q1,55,Bronze,Home Theatre,Coupon 4,1,3,$757.00,$643.45,"$2,271.00",8660.84,1
