                                   {
   "result_index": 0,
   "results": [
      {
         "final": true,
         "alternatives": [
            {
               "transcript": "buenas noches ",
               "confidence": 1.0
            }
         ]
      },
      {
         "final": true,
         "alternatives": [
            {
               "transcript": "me dirijo a vosotros en esta noche bueno cuando estamos viviendo unos circunstancias verdaderamente excepcionales debido a la pandemia ",
               "confidence": 0.94
            }
         ]
      },
      {
         "final": true,
         "alternatives": [
            {
               "transcript": "muchas familias no os habéis podido reunir esta noche cómo tenías pensado por las medidas sanitarias y en miles de hogares hay un vacío imposible de llenar por el fallecimiento de vuestros seres queridos a los que quiero ahora recordar con emoción y con todo respeto ",
               "confidence": 0.95
            }
         ]
      },
      {
         "final": true,
         "alternatives": [
            {
               "transcript": "un recuerdo que llena de sentimientos muy profundos nuestros corazones ",
               "confidence": 1.0
            }
         ]
      },
      {
         "final": true,
         "alternatives": [
            {
               "transcript": "y también en estos momentos muchos ciudadanos ucha es contra la enfermedad o sus secuelas en vuestras casas en hospitales o en residencias a todos os envío especialmente hoy mi mayor ánimo y afecto ",
               "confidence": 0.95
            }
         ]
      },
      {
         "final": true,
         "alternatives": [
            {
               "transcript": "dos mil veinte ha sido un año muy duro y difícil ",
               "confidence": 0.99
            }
         ]
      },
      {
         "final": true,
         "alternatives": [
            {
               "transcript": "el virus se rompieron nuestras vidas trayendo sufrimiento tristeza o temor alterado nuestra manera de vivir y trabajar y ha afectado gravemente a nuestra economía incluso paralizando o destruyendo muchas empresas ",
               "confidence": 0.94
            }
         ]
      },
      {
         "final": true,
         "alternatives": [
            {
               "transcript": "muchos ciudadanos y familias vivir la angustia el desempleo o la precariedad la angustia de apenas llegar a cubrir las necesidades básicas o sentís la tristeza de tener que abandonar un negocio al que habéis dejado vuestra vida por todo ello es lógico y comprensible que el desánimo la desconfianza están muy presentes en tantos hogares ",
               "confidence": 0.97
            }
         ]
      },
      {
         "final": true,
         "alternatives": [
            {
               "transcript": "y sin embargo la respuesta a una crisis tan seria como la que estamos viviendo no puede venir de la mano de más desánimo poder mas desconfianza la situación es grave pero aún así tenemos que afrontar el futuro con determinación y seguridad en nosotros mismos en lo que somos capaces de hacer unidos con ánimo y esperanza con confianza a nuestro país y nuestro modelo de convivencia democrática ",
               "confidence": 0.93
            }
         ]
      },
      {
         "final": true,
         "alternatives": [
            {
               "transcript": "tenemos motivos para ello porque a lo largo de las últimas décadas ante dificultades también graves siempre hemos sido capaces de superar los y esta situación que estamos viviendo no va a ser distinto de los demás por qué bien el veros ni la crisis económica nos van a doblegar ",
               "confidence": 0.93
            }
         ]
      },
      {
         "final": true,
         "alternatives": [
            {
               "transcript": "sobre la situación sedentaria es claro que la superación de esta enfermedad llegará gracias a la ciencia y a la investigación los nuevos tratamientos contra el virus y el desarrollo de las vacunas que están en marcha nos ofrecen ya una gran esperanza ",
               "confidence": 0.95
            }
         ]
      },
      {
         "final": true,
         "alternatives": [
            {
               "transcript": "pero mientras tanto tenemos mucho que hacer ",
               "confidence": 0.99
            }
         ]
      },
      {
         "final": true,
         "alternatives": [
            {
               "transcript": "la responsabilidad individual sigue siendo imprescindible y es un instrumento efectivo de lucha contra el virus por ello es tan importante mantener los prevenidos y no bajar la guardia ",
               "confidence": 0.89
            }
         ]
      },
      {
         "final": true,
         "alternatives": [
            {
               "transcript": "a los arbitrarios les damos una vez más las gracias por su enorme esfuerzo ",
               "confidence": 0.99
            }
         ]
      },
      {
         "final": true,
         "alternatives": [
            {
               "transcript": "su extraordinaria profesionalidad y su gran humanidad con los enfermos ",
               "confidence": 1.0
            }
         ]
      },
      {
         "final": true,
         "alternatives": [
            {
               "transcript": "hicieron frente a los primeros embates del videos en situaciones extremas y también de desbordamiento en algunos de nuestros hospitales hoy siguen afrontando esta lucha con una gran carga emocional y física sobre sus espaldas les pedimos que mantengan todo el ánimo y toda la fortaleza y que sigan cuidando de nuestras a los ",
               "confidence": 0.94
            }
         ]
      },
      {
         "final": true,
         "alternatives": [
            {
               "transcript": "el otro gran problema y reto es la crisis económica y evitar sobre todo que derive en una crisis social ",
               "confidence": 0.95
            }
         ]
      },
      {
         "final": true,
         "alternatives": [
            {
               "transcript": "cada persona importa eh mucho por tanto las personas y las familias deben ser nuestra preocupación fundamental especialmente en nuestros jovenes su nivel de desempleo es altísimo y no pueden ser los perdedores de esta situación nuestra juventud merece tener la formación más adecuada crecer personal y profesionalmente y poder llevar a cabo sus proyectos españa no puede permitirse una generación perdida ",
               "confidence": 0.96
            }
         ]
      },
      {
         "final": true,
         "alternatives": [
            {
               "transcript": "proteger a los más vulnerables seis luchar contra las desigualdades que la pandemia ha creado o agravado es una cuestión de dignidad entre quienes formamos una misma comunidad política ",
               "confidence": 0.93
            }
         ]
      },
      {
         "final": true,
         "alternatives": [
            {
               "transcript": "pero también será fundamental recuperar nuestra economía y para ello es decisivo fortalecer el tejido empresarial y productivo industrial y de servicios ",
               "confidence": 1.0
            }
         ]
      },
      {
         "final": true,
         "alternatives": [
            {
               "transcript": "el reconocimiento y el apoyo a nuestras empresas la protección a nuestros autónomos y comerciantes tan golpeados estos meses será imprescindible para crear empleo ",
               "confidence": 0.97
            }
         ]
      },
      {
         "final": true,
         "alternatives": [
            {
               "transcript": "ese empleo que tanto necesita nuestro país ",
               "confidence": 1.0
            }
         ]
      },
      {
         "final": true,
         "alternatives": [
            {
               "transcript": "necesitamos por tanto consolidar las bases que nos den un horizonte claro de impulso estabilidad y confianza económica ",
               "confidence": 0.89
            }
         ]
      },
      {
         "final": true,
         "alternatives": [
            {
               "transcript": "que anime a la inversión y la creación de puestos de trabajo ",
               "confidence": 1.0
            }
         ]
      },
      {
         "final": true,
         "alternatives": [
            {
               "transcript": "los restos han estarías económicos y sociales a los que nos enfrentamos son por tanto grandes enormes pero no insalvables ",
               "confidence": 0.98
            }
         ]
      },
      {
         "final": true,
         "alternatives": [
            {
               "transcript": "superarlos constituye un gran objetivo nacional que a todos nos debe unir que como ciudadanos nos compromete y nos obliga a todos con nosotros mismos con los demás y con nuestro país ",
               "confidence": 0.92
            }
         ]
      },
      {
         "final": true,
         "alternatives": [
            {
               "transcript": "y ello requiere un gran esfuerzo colectivo ",
               "confidence": 0.99
            }
         ]
      },
      {
         "final": true,
         "alternatives": [
            {
               "transcript": "un gran esfuerzo en el que cada uno siga dando lo mejor de sí mismo en función de sus responsabilidades en la medida de sus capacidades y para ese gran esfuerzo nacional contamos en primer lugar con lo más importante con las personas ",
               "confidence": 0.98
            }
         ]
      },
      {
         "final": true,
         "alternatives": [
            {
               "transcript": "con el ejemplo de miles de ciudadanos que han puesto su trabajo al servicio de los demás que han vivido estos últimos meses con abnegación compromiso y una gran generosidad ",
               "confidence": 1.0
            }
         ]
      },
      {
         "final": true,
         "alternatives": [
            {
               "transcript": "personas que estimulan nuestro ánimo de superación y de las que debemos sentirnos justamente orgullosos ",
               "confidence": 0.94
            }
         ]
      },
      {
         "final": true,
         "alternatives": [
            {
               "transcript": "todo eso lo hemos comprobado personalmente la reina yo durante este tiempo en el campo y en la mar en los pueblos en las ciudades en los mercados en las fábricas hemos visto el coraje y el nervio de este país ",
               "confidence": 0.96
            }
         ]
      },
      {
         "final": true,
         "alternatives": [
            {
               "transcript": "hemos sentido el pulso de nuestra sociedad que pese a todo ha mantenido españa en pie ",
               "confidence": 0.94
            }
         ]
      },
      {
         "final": true,
         "alternatives": [
            {
               "transcript": "los dos tenemos en nuestra memoria la imagen viva de esos miles de ciudadanos que representan una sociedad que se ha sentido más unida que nunca en su lucha y resistencia frente a una situación tan adversa ",
               "confidence": 0.97
            }
         ]
      },
      {
         "final": true,
         "alternatives": [
            {
               "transcript": "una sociedad que cuenta con organizaciones solidarias y eficaces para que nadie se sienta solo o desamparado una sociedad que sobrellevar estos meses tan duros con entereza y responsabilidad y serenidad ",
               "confidence": 0.95
            }
         ]
      },
      {
         "final": true,
         "alternatives": [
            {
               "transcript": "contamos por tanto con una sociedad fuerte y también con estado sólido ",
               "confidence": 0.92
            }
         ]
      },
      {
         "final": true,
         "alternatives": [
            {
               "transcript": "durante todo este tiempo tanto los servicios públicos y básicos como las empresas en sectores esenciales han funcionado bien ",
               "confidence": 1.0
            }
         ]
      },
      {
         "final": true,
         "alternatives": [
            {
               "transcript": "procurando poner todos los medios a su alcance la pandemia nos ha revelado aspectos que necesitan ser mejorados y reforzados pero también nos muestra nuestras fortalezas como estado avanzado lo hemos comprobado por ejemplo con eficacia y entrega de nuestras fuerzas armadas de nuestros cuerpos de seguridad protección civil y servicios de las agencias y otros muchos servidores públicos que han demostrado su vocación de servicio su plena sintonía con nuestra sociedad ",
               "confidence": 0.96
            }
         ]
      },
      {
         "final": true,
         "alternatives": [
            {
               "transcript": "yo ropa es también muy importante para afrontar esta crisis ",
               "confidence": 0.88
            }
         ]
      },
      {
         "final": true,
         "alternatives": [
            {
               "transcript": "contamos con la unión europea ",
               "confidence": 1.0
            }
         ]
      },
      {
         "final": true,
         "alternatives": [
            {
               "transcript": "que asumir un compromiso firme con la sostenibilidad y recuperación económica frente a esta pandemia la unión nos ofrece una oportunidad histórica para progresar y avanzar ",
               "confidence": 0.93
            }
         ]
      },
      {
         "final": true,
         "alternatives": [
            {
               "transcript": "abre una nueva época para que españa se una en un proyecto común para modernizar nuestra economía al aceptar nuestras estructuras productivas a la nueva revolución industrial tecnológica y medioambiental que vivimos y asentar con ambición y cohesión nuestro papel colectivo como miembros de la unión los pea ante el mundo ",
               "confidence": 0.88
            }
         ]
      },
      {
         "final": true,
         "alternatives": [
            {
               "transcript": "y contamos sobre todo con nuestro sistema de convivencia democrática ",
               "confidence": 0.95
            }
         ]
      },
      {
         "final": true,
         "alternatives": [
            {
               "transcript": "en un tiempo en el que la pandemia y sus consecuencias económicas y sociales provocan tanta incertidumbre ",
               "confidence": 0.98
            }
         ]
      },
      {
         "final": true,
         "alternatives": [
            {
               "transcript": "nuestra constitución nos garantiza nuestro modo de entender la vida nuestra visión de la sociedad y del ser humano de su dignidad de sus derechos y libertades una constitución que todos tenemos el deber de respetar y que en nuestros días es el fundamento de nuestra convivencia social y política ",
               "confidence": 0.98
            }
         ]
      },
      {
         "final": true,
         "alternatives": [
            {
               "transcript": "y que representa en nuestra historia ",
               "confidence": 0.89
            }
         ]
      },
      {
         "final": true,
         "alternatives": [
            {
               "transcript": "un éxito de kiss para la democracia y la libertad ",
               "confidence": 0.95
            }
         ]
      },
      {
         "final": true,
         "alternatives": [
            {
               "transcript": "no olvidemos que los amantes del progreso conseguidos en democracia son el resultado del reencuentro y el pacto entre los españoles después de un largo periodo de enfrentamientos y divisiones son el resultado de querer mirar juntos hacia el futuro unidos en los valores democráticos unidos es un espíritu siempre integrador en el respeto a la pluralidad que las diferencias y en la capacidad de dialogar y alcanzar acuerdos ",
               "confidence": 0.96
            }
         ]
      },
      {
         "final": true,
         "alternatives": [
            {
               "transcript": "son principios que no pierde nunca vigencia por el paso de los años ",
               "confidence": 1.0
            }
         ]
      },
      {
         "final": true,
         "alternatives": [
            {
               "transcript": "y juntos los dos principios democráticos y el cumplimiento de las leyes necesitamos también preservar los valores éticos que estaban en las raíces de nuestra sociedad ",
               "confidence": 0.91
            }
         ]
      },
      {
         "final": true,
         "alternatives": [
            {
               "transcript": "ya en dos mil catorce en mi programación ante las cortes generales me refería a los principios morales y éticos que los ciudadanos reclaman de nuestras conductas ",
               "confidence": 0.96
            }
         ]
      },
      {
         "final": true,
         "alternatives": [
            {
               "transcript": "unos principios que nos obligan a todos sin excepciones y que están por encima de cualquier consideración de la naturaleza que sea incluso de las personales o familiares ",
               "confidence": 0.99
            }
         ]
      },
      {
         "final": true,
         "alternatives": [
            {
               "transcript": "así lo entendido siempre en coherencia con mis convicciones con la forma de entender mis responsabilidades como jefe del estado y con el espíritu renovador que inspira mi reinado desde el primer día ",
               "confidence": 0.94
            }
         ]
      },
      {
         "final": true,
         "alternatives": [
            {
               "transcript": "siempre he pensado que es paños un país extraordinario de una enorme riqueza y diversidad cultural construido a lo largo de los siglos gracias al esfuerzo de muchas generaciones de españoles y con una gran historia que ha sido durante una época la historia misma de nuestro mundo no somos un pueblo que se rinda o que se resigne en los malos tiempos ",
               "confidence": 0.98
            }
         ]
      },
      {
         "final": true,
         "alternatives": [
            {
               "transcript": "no va a ser nada fácil superar esta situación en cada casa lo sabes bien ",
               "confidence": 0.98
            }
         ]
      },
      {
         "final": true,
         "alternatives": [
            {
               "transcript": "pero yo estoy seguro de que vamos a salir adelante con esfuerzo unión y solidaridad que españa saldrá adelante con todos y para todos ",
               "confidence": 0.99
            }
         ]
      },
      {
         "final": true,
         "alternatives": [
            {
               "transcript": "y como rae yo estaré con todos y para todos no sólo porque es mi deber y mi convicción sino también porque es mi compromiso con todos vosotros con españa ",
               "confidence": 0.97
            }
         ]
      },
      {
         "final": true,
         "alternatives": [
            {
               "transcript": "no será difícil el año dos mil veintiuno mejores a este dos mil veinte ",
               "confidence": 0.91
            }
         ]
      },
      {
         "final": true,
         "alternatives": [
            {
               "transcript": "vamos a recuperar en lo posible la normalidad de los lugares de trabajo en las aulas en las plazas en los barrios en los comercios en los mercados en los bares en los cines en los teatros en la vida cotidiana que da forma al carácter de una sociedad como la nuestra ",
               "confidence": 0.95
            }
         ]
      },
      {
         "final": true,
         "alternatives": [
            {
               "transcript": "es lo que todos queremos ",
               "confidence": 1.0
            }
         ]
      },
      {
         "final": true,
         "alternatives": [
            {
               "transcript": "en la seguridad de que así será ",
               "confidence": 0.94
            }
         ]
      },
      {
         "final": true,
         "alternatives": [
            {
               "transcript": "la reina la princesa asturias la infanta sofía y yo os agradecemos muy sinceramente todas las muestras de afecto y apoyo que nos habéis trasmitido este año y os deseamos una feliz navidad y todo lo mejor para un dos mil veintiuno especialmente lleno de esperanza ",
               "confidence": 0.92
            }
         ]
      },
      {
         "final": true,
         "alternatives": [
            {
               "transcript": "jugaré on monadas y vos estás ",
               "confidence": 0.75
            }
         ]
      },
      {
         "final": true,
         "alternatives": [
            {
               "transcript": "a ",
               "confidence": 0.69
            }
         ]
      }
   ]
}